designs,synID,prediction,actual
jpeg,61,0.33501476,-1.4430306
jpeg,356,0.33904946,-1.3008138
jpeg,233,0.33702284,-1.1653693
jpeg,806,0.33849096,-1.0214595
jpeg,353,0.33845407,-1.0146873
jpeg,649,0.33610058,-0.82675797
jpeg,95,0.33463484,0.28727335
jpeg,158,0.33825952,0.33467892
